entity_type,key_property,display_name_property,source_lakehouse,source_table,properties,ppdm_concept,notes
Country,country_id,country_name,lh_zava_ai,ai.country,"country_id, country_name, business_publication_id",Area / country,Country of the Zava Energy portfolio (synthetic)
Asset,asset_id,asset_name,lh_zava_ai,ai.asset,"asset_id, asset_name, country_id, facility_id, business_publication_id",Field / area,Field-level asset
Facility,facility_id,facility_id,lh_zava_ai,ai.facility,"facility_id, asset_id, business_publication_id",Facility,Production facility per field
Equipment,equipment_id,equipment_name,lh_zava_ai,ai.equipment,"equipment_id, equipment_name, equipment_type, facility_id, asset_id, country_id, business_publication_id",Equipment,Surface equipment
Well,well_id,well_name,lh_zava_ai,ai.well,"well_id, well_name, asset_id, country_id, stream_id, wellbore_count, completion_count, alias_list, well_status, business_publication_id",Well,Golden well record
Wellbore,wellbore_id,wellbore_name,lh_zava_ai,ai.wellbore,"wellbore_id, well_id, wellbore_name, business_publication_id",Wellbore,Wellbore of a well
Completion,completion_id,completion_name,lh_zava_ai,ai.completion,"completion_id, wellbore_id, stream_id, completion_name, business_publication_id",Wellbore completion,Completion interval
ReportingStream,stream_id,stream_id,lh_zava_ai,ai.reporting_stream,"stream_id, well_id, asset_id, business_publication_id",Well reporting stream,Production reporting unit
ProductionDay,stream_daily_id,stream_daily_id,lh_zava_ai,ai.reporting_stream_daily,"stream_daily_id, stream_id, well_id, business_date, oil_bbl, gas_mscf, water_bbl, gross_boe, net_wi_boe, is_complete, business_publication_id",Production volume,Authoritative daily volume per stream
Incident,incident_id,incident_id,lh_zava_ai,ai.incident,"incident_id, equipment_id, incident_category, event_count, equipment_downtime_hours, first_start_utc, business_publication_id",Equipment downtime event (domain validation required),Operational incident grouping downtime events
LossAllocation,loss_id,loss_id,lh_zava_ai,ai.loss_allocation,"loss_id, incident_id, event_id, well_id, equipment_id, business_date, lost_oil_bbl, lost_gas_mscf, lost_boe_gross, lost_boe_net_wi, value_usd_gross, value_usd_net_wi, business_publication_id",Demo extension,Approved production loss per well-day
SourceDecision,decision_id,decision_id,lh_zava_ai,ai.source_decision,"decision_id, stream_id, well_id, business_date, commodity, decision_status, selected_source_system, selected_value_std, candidate_count, reason, candidates_json, authority_policy_version, business_publication_id",Demo extension (SSOT governance),Why a source value was selected
Publication,publication_id,publication_id,lh_zava_ai,ai.publication,"publication_id, batch_id, dataset_version, authority_policy_version, mapping_version, period_start, period_end, gross_boe_total, net_wi_boe_total",Demo extension (SSOT governance),Approved SSOT publication served to AI
