policy_version,domain,source_system,scope,priority,eligible_status,valid_from,valid_to,owner_role
SA-2025.1,PRODUCTION,SRC_DZ_PROD,DZ,1,FINAL,2025-01-01,9999-12-31,Production reporting owner
SA-2025.1,PRODUCTION,SRC_MY_PROD,MY,1,FINAL,2025-01-01,9999-12-31,Production reporting owner
SA-2025.1,PRODUCTION,SRC_IQ_PROD,IQ,1,FINAL,2025-01-01,9999-12-31,Production reporting owner
SA-2025.1,PRODUCTION,SRC_MY_OPS,MY,99,NONE,2025-01-01,9999-12-31,Production reporting owner
SA-2025.1,MASTER,SRC_REGISTRY,ALL,1,APPROVED,2025-01-01,9999-12-31,Asset data owner
SA-2025.1,TARGET,SRC_PLANNING_RKAP,ALL,1,APPROVED,2025-01-01,9999-12-31,Planning owner
SA-2025.1,COST,SRC_FINANCE_CLOSE,ALL,1,CLOSED,2025-01-01,9999-12-31,Finance owner
SA-2025.1,WORKING_INTEREST,SRC_JV_REGISTER,ALL,1,APPROVED,2025-01-01,9999-12-31,Portfolio/JV owner
SA-2025.1,LOSS_ALLOCATION,SRC_MY_PROD,MY,1,APPROVED,2025-01-01,9999-12-31,Production reporting owner
SA-2025.1,UOM,SRC_REFERENCE,ALL,1,APPROVED,2025-01-01,9999-12-31,Reference data steward
